minimizer_count	distinct_minimizers
1	51115
2	8344
3	2799
4	896
5	423
6	334
7	239
8	239
9	220
10	155
11	102
12	76
13	40
14	30
15	28
16	21
17	25
18	14
19	14
20	15
21	10
22	8
23	8
24	8
25	15
26	6
27	5
28	7
29	6
30	4
31	5
32	3
33	4
35	6
36	6
37	6
38	6
39	2
40	2
41	2
42	1
43	5
44	3
45	3
46	2
47	2
48	2
49	2
50	1
51	1
52	1
54	1
55	1
56	1
57	1
62	1
66	1
68	2
71	1
74	2
76	1
78	1
85	1
93	1
94	2
100	1
105	2
113	1
122	1
123	1
126	1
142	1
150	1
151	1
163	1
169	1
185	1
186	1
187	1
188	1
195	1
198	1
200	1
202	3
203	1
204	3
205	3
208	1
212	1
213	1
215	2
219	1
221	1
222	1
224	1
226	1
229	1
230	1
232	1
234	1
237	1
239	1
240	2
241	1
242	2
244	3
245	1
248	1
250	1
251	1
252	2
253	4
254	2
256	1
257	1
258	1
259	2
261	2
262	1
263	3
264	1
265	1
266	3
267	2
268	1
270	2
271	2
273	1
274	4
275	4
278	2
279	2
280	4
281	2
282	1
283	2
284	1
285	1
286	1
287	1
289	1
291	1
293	2
295	1
298	1
300	1
302	1
309	1
317	1
331	1
332	1
333	1
347	1
348	1
350	1
353	1
358	2
359	1
361	1
362	2
373	2
374	1
381	1
383	2
385	1
387	1
389	1
391	3
394	2
396	1
397	1
400	1
402	1
403	1
404	1
406	1
407	1
408	1
410	2
412	1
413	3
414	3
416	5
417	2
418	1
422	3
425	2
426	1
430	1
431	1
433	1
435	1
438	3
439	1
440	2
443	2
446	1
447	1
448	1
449	2
451	1
453	2
455	2
456	2
458	2
459	1
461	1
464	2
466	1
468	1
469	1
471	2
472	3
479	1
481	1
482	1
484	1
486	4
487	1
488	3
490	1
492	1
493	1
497	1
499	3
502	2
503	2
515	1
586	1
738	1
776	1
